1.  Let's start by figuring out how many dinosaurs we have. Count the number of dinosaurs.

dinosaur=# SELECT COUNT(*) FROM dinos;
 count
-------
   331
(1 row)

2.  We want to open up our own version of Jurassic Park, but this time only with dinosaurs who are actually from the Jurassic period. Find all the dinosaurs from the Jurassic period.

dinosaur=# SELECT * FROM dinos WHERE period = 'Jurassic';
 id  |        name         |                                                                                                  taxonomy                                                                                                   |     species      | length |  period  |    diet     |         created_at         |         updated_at         |   t_order
-----+---------------------+-------------------------------------------------------------------------------------------------------------------------------------------------------------------------------------------------------------+------------------+--------+----------+-------------+----------------------------+----------------------------+--------------
   5 | Yuanmousaurus       | Dinosauria, Saurischia, Sauropodomorpha, Sauropoda, Eusauropoda, Yuanmousaurus                                                                                                                              | Jiangyiensis     |     17 | Jurassic | Herbivorous | 2017-03-24 18:56:22.386808 | 2017-03-24 18:56:59.926924 | Saurischia
   6 | Yinlong             | Dinosauria, Ornithischia, Genasauria, Cerapoda, Marginocephalia, Ceratopsia, Yinlong                                                                                                                        | Downsi           |    1.2 | Jurassic | Herbivorous | 2017-03-24 18:56:22.38836  | 2017-03-24 18:56:59.928721 | Ornithischia
   7 | Yingshanosaurus     | Dinosauria, Ornithischia, Genasauria, Thyreophora, Stegosauria, Yingshanosaurus                                                                                                                             | Jichu:

3. Jurassic Park was a huge success for us. Now we want to open up a sequel park: Cretaceous Park. This time though, we're a little more organized, and we want to know how much space all these dinosaurs are going to take up. Find the total sum length of all the dinosaurs from the Cretaceous period.

dinosaur=# SELECT SUM(length) FROM dinos WHERE period = 'Cretaceous';
   sum
---------
 1366.45
(1 row)

4.  Saurischians are the "lizard hipped" order of dinosaurs, and one of the two main branches. All carnivorous dinosaurs are Saurischians, but not all Saurischians are carnivorous. Find all the dinosaurs from the t_order Saurischia that are Herbivorous.

dinosaur=# SELECT * FROM dinos WHERE t_order = 'Saurischia' and diet = 'Herbivorous';
 id  |        name         |                                                                                                 taxonomy                                                                                                  |     species      | length |   period   |    diet     |         created_at         |         updated_at         |  t_order
-----+---------------------+-----------------------------------------------------------------------------------------------------------------------------------------------------------------------------------------------------------+------------------+--------+------------+-------------+----------------------------+----------------------------+------------
   5 | Yuanmousaurus       | Dinosauria, Saurischia, Sauropodomorpha, Sauropoda, Eusauropoda, Yuanmousaurus                                                                                                                            | Jiangyiensis     |     17 | Jurassic   | Herbivorous | 2017-03-24 18:56:22.386808 | 2017-03-24 18:56:59.926924 | Saurischia
   8 | Yimenosaurus        | Dinosauria, Saurischia, Sauropodomorpha, Prosauropoda, Yimenosaurus                                                                                                                                       | Youngi           |      9 | Jurassic   | Herbivorous | 2017-03-24 18:56:22.391572 | 2017-03-24 18:56:59.931889 | Saurischia
  12 | Vulcanodon          | Dinosauria, Saurischia, Sauropodomorpha, Sauropoda, Vulcanodontidae, Vulcanodon                                                                                                                           | Karibae:

6.  Dinosaur names are hard to remember. Find the shortest dinosaur, and rename it Shortie.
dinosaur=# SELECT MIN(length) FROM dinos;
 min
------
 0.08
(1 row)

dinosaur=# SELECT * FROM dinos WHERE length=0.08;
 id  |    name     |                                                                                                                            taxonomy                                                                                                                            |  species  | length |   period   |    diet     |        created_at         |         updated_at         |  t_order
-----+-------------+----------------------------------------------------------------------------------------------------------------------------------------------------------------------------------------------------------------------------------------------------------------+-----------+--------+------------+-------------+---------------------------+----------------------------+------------
 160 | Liaoxiornis | Dinosauria, Saurischia, Theropoda, Neotherapoda, Tetanurae, Avetherapoda, Coelurosauria, Tyrannoraptora, Maniraptoriformes, Maniraptora, Paraves, Eumaniraptoria, Avialae, Ornithurae, Avibrevicauda, Pygostylia, Ornithathoraces, Enantiornithes, Liaoxiornis | Delicatus |   0.08 | Cretaceous | Carnivorous | 2017-03-24 18:56:22.64813 | 2017-03-24 18:57:00.236074 | Saurischia

dinosaur=# UPDATE dinos SET name = 'Shortie' WHERE name = 'Liaoxiornis';
UPDATE 1

7.  It's the first day of Dino School, and we're doing roll call. Find the alphabetically first dinosaur, so we can make sure they're present for class.

dinosaur=# SELECT * FROM dinos ORDER BY name LIMIT 1;
 id  |    name     |                                                         taxonomy                                                          |   species   | length |   period   |    diet     |         created_at         |         updated_at         |  t_order
-----+-------------+---------------------------------------------------------------------------------------------------------------------------+-------------+--------+------------+-------------+----------------------------+----------------------------+------------
 330 | Abelisaurus | Dinosauria, Saurischia, Theropoda, Neotherapoda, Ceratosauria, Neoceratosauria, Abelisauridae, Abelisaurinae, Abelisaurus | Comahuensis |      9 | Cretaceous | Carnivorous | 2017-03-24 18:56:22.906978 | 2017-03-24 18:57:00.414094 | Saurischia
(1 row)
